-- BidMart Backend Schema
-- Notes:
-- - Use IF NOT EXISTS everywhere to keep backward compatibility.
-- - H2 tests run in PostgreSQL compatibility mode.

-- ===== Core tables =====

CREATE TABLE IF NOT EXISTS app_users (
    id BIGINT GENERATED BY DEFAULT AS IDENTITY PRIMARY KEY,
    username VARCHAR(255) NOT NULL UNIQUE,
    password_hash VARCHAR(255) NOT NULL,
    role VARCHAR(64) NOT NULL DEFAULT 'BUYER',
    is_disabled BOOLEAN NOT NULL DEFAULT FALSE,
    created_at TIMESTAMP WITH TIME ZONE NOT NULL DEFAULT CURRENT_TIMESTAMP,

    -- auth extensions
    email_verified BOOLEAN NOT NULL DEFAULT FALSE,
    mfa_enabled BOOLEAN NOT NULL DEFAULT FALSE,
    mfa_method VARCHAR(16),
    totp_secret TEXT,

    -- profile
    display_name VARCHAR(128),
    photo_url TEXT,
    shipping_address TEXT
);

-- Ensure columns exist for older databases
ALTER TABLE app_users ADD COLUMN IF NOT EXISTS email_verified BOOLEAN NOT NULL DEFAULT FALSE;
ALTER TABLE app_users ADD COLUMN IF NOT EXISTS mfa_enabled BOOLEAN NOT NULL DEFAULT FALSE;
ALTER TABLE app_users ADD COLUMN IF NOT EXISTS mfa_method VARCHAR(16);
ALTER TABLE app_users ADD COLUMN IF NOT EXISTS totp_secret TEXT;
ALTER TABLE app_users ADD COLUMN IF NOT EXISTS display_name VARCHAR(128);
ALTER TABLE app_users ADD COLUMN IF NOT EXISTS photo_url TEXT;
ALTER TABLE app_users ADD COLUMN IF NOT EXISTS shipping_address TEXT;

CREATE TABLE IF NOT EXISTS app_sessions (
    token UUID PRIMARY KEY,
    refresh_token UUID NOT NULL UNIQUE,
    user_id BIGINT NOT NULL REFERENCES app_users(id) ON DELETE CASCADE,
    created_at TIMESTAMP WITH TIME ZONE NOT NULL,
    last_seen_at TIMESTAMP WITH TIME ZONE NOT NULL,
    expires_at TIMESTAMP WITH TIME ZONE,
    refresh_expires_at TIMESTAMP WITH TIME ZONE,
    revoked_at TIMESTAMP WITH TIME ZONE,
    user_agent TEXT,
    ip TEXT
 );

ALTER TABLE app_sessions ADD COLUMN IF NOT EXISTS revoked_at TIMESTAMP WITH TIME ZONE;
ALTER TABLE app_sessions ADD COLUMN IF NOT EXISTS user_agent TEXT;
ALTER TABLE app_sessions ADD COLUMN IF NOT EXISTS ip TEXT;

CREATE INDEX IF NOT EXISTS idx_sessions_user_id_created_at ON app_sessions(user_id, created_at);
CREATE INDEX IF NOT EXISTS idx_sessions_refresh_token ON app_sessions(refresh_token);

-- ===== Email verification =====

CREATE TABLE IF NOT EXISTS app_email_verifications (
    token UUID PRIMARY KEY,
    user_id BIGINT NOT NULL REFERENCES app_users(id) ON DELETE CASCADE,
    expires_at TIMESTAMP WITH TIME ZONE NOT NULL,
    used_at TIMESTAMP WITH TIME ZONE
);

CREATE INDEX IF NOT EXISTS idx_email_verifications_user_id ON app_email_verifications(user_id);

-- ===== 2FA (MFA) challenges =====

CREATE TABLE IF NOT EXISTS app_mfa_challenges (
    id UUID PRIMARY KEY,
    user_id BIGINT NOT NULL REFERENCES app_users(id) ON DELETE CASCADE,
    method VARCHAR(16) NOT NULL,
    code_hash VARCHAR(255) NOT NULL,
    expires_at TIMESTAMP WITH TIME ZONE NOT NULL,
    used_at TIMESTAMP WITH TIME ZONE,
    attempts INT NOT NULL DEFAULT 0
);

CREATE INDEX IF NOT EXISTS idx_mfa_challenges_user_id ON app_mfa_challenges(user_id);

-- ===== RBAC (roles & permissions) =====

CREATE TABLE IF NOT EXISTS app_roles (
    name VARCHAR(64) PRIMARY KEY
);

CREATE TABLE IF NOT EXISTS app_permissions (
    perm_key VARCHAR(128) PRIMARY KEY,
    description TEXT
);

CREATE TABLE IF NOT EXISTS app_role_permissions (
    role_name VARCHAR(64) NOT NULL REFERENCES app_roles(name) ON DELETE CASCADE,
    perm_key VARCHAR(128) NOT NULL REFERENCES app_permissions(perm_key) ON DELETE CASCADE,
    PRIMARY KEY(role_name, perm_key)
);

-- seed built-in roles
INSERT INTO app_roles(name) VALUES ('ADMIN')  ON CONFLICT DO NOTHING;
INSERT INTO app_roles(name) VALUES ('SELLER') ON CONFLICT DO NOTHING;
INSERT INTO app_roles(name) VALUES ('BUYER')  ON CONFLICT DO NOTHING;

-- optional seed permissions (demo-friendly)
INSERT INTO app_permissions(perm_key, description) VALUES ('bid:place','Place bid') ON CONFLICT DO NOTHING;
INSERT INTO app_permissions(perm_key, description) VALUES ('auction:create','Create auction') ON CONFLICT DO NOTHING;
INSERT INTO app_permissions(perm_key, description) VALUES ('wallet:read','Read wallet') ON CONFLICT DO NOTHING;

-- optional default mappings
INSERT INTO app_role_permissions(role_name, perm_key) VALUES ('BUYER','bid:place') ON CONFLICT DO NOTHING;
INSERT INTO app_role_permissions(role_name, perm_key) VALUES ('SELLER','auction:create') ON CONFLICT DO NOTHING;
INSERT INTO app_role_permissions(role_name, perm_key) VALUES ('ADMIN','bid:place') ON CONFLICT DO NOTHING;
INSERT INTO app_role_permissions(role_name, perm_key) VALUES ('ADMIN','auction:create') ON CONFLICT DO NOTHING;
INSERT INTO app_role_permissions(role_name, perm_key) VALUES ('ADMIN','wallet:read') ON CONFLICT DO NOTHING;