-- BidMart Backend Schema
-- Notes:
-- - Use IF NOT EXISTS everywhere to keep backward compatibility.
-- - H2 tests run in PostgreSQL compatibility mode.

-- ===== Core tables =====

CREATE TABLE IF NOT EXISTS app_users (
    id BIGINT GENERATED BY DEFAULT AS IDENTITY PRIMARY KEY,
    username VARCHAR(255) NOT NULL UNIQUE,
    password_hash VARCHAR(255) NOT NULL,
    role VARCHAR(64) NOT NULL DEFAULT 'BUYER',
    is_disabled BOOLEAN NOT NULL DEFAULT FALSE,
    created_at TIMESTAMP WITH TIME ZONE NOT NULL DEFAULT CURRENT_TIMESTAMP,

    -- auth extensions
    email_verified BOOLEAN NOT NULL DEFAULT FALSE,
    mfa_enabled BOOLEAN NOT NULL DEFAULT FALSE,
    mfa_method VARCHAR(16),
    totp_secret TEXT,

    -- profile
    display_name VARCHAR(128),
    photo_url TEXT,
    shipping_address TEXT
);

ALTER TABLE app_users ADD COLUMN IF NOT EXISTS email_verified BOOLEAN NOT NULL DEFAULT FALSE;
ALTER TABLE app_users ADD COLUMN IF NOT EXISTS mfa_enabled BOOLEAN NOT NULL DEFAULT FALSE;
ALTER TABLE app_users ADD COLUMN IF NOT EXISTS mfa_method VARCHAR(16);
ALTER TABLE app_users ADD COLUMN IF NOT EXISTS totp_secret TEXT;
ALTER TABLE app_users ADD COLUMN IF NOT EXISTS display_name VARCHAR(128);
ALTER TABLE app_users ADD COLUMN IF NOT EXISTS photo_url TEXT;
ALTER TABLE app_users ADD COLUMN IF NOT EXISTS shipping_address TEXT;

CREATE TABLE IF NOT EXISTS app_sessions (
    token UUID PRIMARY KEY,
    refresh_token UUID NOT NULL UNIQUE,
    user_id BIGINT NOT NULL REFERENCES app_users(id) ON DELETE CASCADE,
    created_at TIMESTAMP WITH TIME ZONE NOT NULL,
    last_seen_at TIMESTAMP WITH TIME ZONE NOT NULL,
    expires_at TIMESTAMP WITH TIME ZONE,
    refresh_expires_at TIMESTAMP WITH TIME ZONE,
    revoked_at TIMESTAMP WITH TIME ZONE,
    user_agent TEXT,
    ip TEXT
);

ALTER TABLE app_sessions ADD COLUMN IF NOT EXISTS revoked_at TIMESTAMP WITH TIME ZONE;
ALTER TABLE app_sessions ADD COLUMN IF NOT EXISTS user_agent TEXT;
ALTER TABLE app_sessions ADD COLUMN IF NOT EXISTS ip TEXT;

CREATE INDEX IF NOT EXISTS idx_sessions_user_id_created_at ON app_sessions(user_id, created_at);
CREATE INDEX IF NOT EXISTS idx_sessions_refresh_token ON app_sessions(refresh_token);

-- ===== Email verification =====

CREATE TABLE IF NOT EXISTS app_email_verifications (
    token UUID PRIMARY KEY,
    user_id BIGINT NOT NULL REFERENCES app_users(id) ON DELETE CASCADE,
    expires_at TIMESTAMP WITH TIME ZONE NOT NULL,
    used_at TIMESTAMP WITH TIME ZONE
);

CREATE INDEX IF NOT EXISTS idx_email_verifications_user_id ON app_email_verifications(user_id);

-- ===== 2FA (MFA) challenges =====

CREATE TABLE IF NOT EXISTS app_mfa_challenges (
    id UUID PRIMARY KEY,
    user_id BIGINT NOT NULL REFERENCES app_users(id) ON DELETE CASCADE,
    method VARCHAR(16) NOT NULL,
    code_hash VARCHAR(255) NOT NULL,
    expires_at TIMESTAMP WITH TIME ZONE NOT NULL,
    used_at TIMESTAMP WITH TIME ZONE,
    attempts INT NOT NULL DEFAULT 0
);

CREATE INDEX IF NOT EXISTS idx_mfa_challenges_user_id ON app_mfa_challenges(user_id);

-- ===== RBAC (roles & permissions) =====

CREATE TABLE IF NOT EXISTS app_roles (
    name VARCHAR(64) PRIMARY KEY
);

CREATE TABLE IF NOT EXISTS app_permissions (
    perm_key VARCHAR(128) PRIMARY KEY,
    description TEXT
);

CREATE TABLE IF NOT EXISTS app_role_permissions (
    role_name VARCHAR(64) NOT NULL REFERENCES app_roles(name) ON DELETE CASCADE,
    perm_key VARCHAR(128) NOT NULL REFERENCES app_permissions(perm_key) ON DELETE CASCADE,
    PRIMARY KEY(role_name, perm_key)
);

INSERT INTO app_roles(name) VALUES ('ADMIN')  ON CONFLICT DO NOTHING;
INSERT INTO app_roles(name) VALUES ('SELLER') ON CONFLICT DO NOTHING;
INSERT INTO app_roles(name) VALUES ('BUYER')  ON CONFLICT DO NOTHING;

-- ===== Permission seeds (needed for @RequiresPermission) =====
INSERT INTO app_permissions(perm_key, description) VALUES ('profile:read','Read own profile') ON CONFLICT DO NOTHING;
INSERT INTO app_permissions(perm_key, description) VALUES ('profile:update','Update own profile') ON CONFLICT DO NOTHING;

INSERT INTO app_permissions(perm_key, description) VALUES ('session:me','Read my identity') ON CONFLICT DO NOTHING;
INSERT INTO app_permissions(perm_key, description) VALUES ('session:logout','Logout') ON CONFLICT DO NOTHING;
INSERT INTO app_permissions(perm_key, description) VALUES ('session:list','List my sessions') ON CONFLICT DO NOTHING;
INSERT INTO app_permissions(perm_key, description) VALUES ('session:revoke','Revoke my session') ON CONFLICT DO NOTHING;

INSERT INTO app_permissions(perm_key, description) VALUES ('mfa:manage','Manage 2FA methods') ON CONFLICT DO NOTHING;

INSERT INTO app_permissions(perm_key, description) VALUES ('rbac:read','Read RBAC') ON CONFLICT DO NOTHING;
INSERT INTO app_permissions(perm_key, description) VALUES ('rbac:write','Write RBAC') ON CONFLICT DO NOTHING;

INSERT INTO app_permissions(perm_key, description) VALUES ('users:read','Admin read users') ON CONFLICT DO NOTHING;
INSERT INTO app_permissions(perm_key, description) VALUES ('users:write','Admin modify users') ON CONFLICT DO NOTHING;

-- existing examples
INSERT INTO app_permissions(perm_key, description) VALUES ('bid:place','Place bid') ON CONFLICT DO NOTHING;
INSERT INTO app_permissions(perm_key, description) VALUES ('auction:create','Create auction') ON CONFLICT DO NOTHING;
INSERT INTO app_permissions(perm_key, description) VALUES ('wallet:read','Read wallet') ON CONFLICT DO NOTHING;

-- BUYER defaults
INSERT INTO app_role_permissions(role_name, perm_key) VALUES ('BUYER','profile:read') ON CONFLICT DO NOTHING;
INSERT INTO app_role_permissions(role_name, perm_key) VALUES ('BUYER','profile:update') ON CONFLICT DO NOTHING;
INSERT INTO app_role_permissions(role_name, perm_key) VALUES ('BUYER','session:me') ON CONFLICT DO NOTHING;
INSERT INTO app_role_permissions(role_name, perm_key) VALUES ('BUYER','session:logout') ON CONFLICT DO NOTHING;
INSERT INTO app_role_permissions(role_name, perm_key) VALUES ('BUYER','session:list') ON CONFLICT DO NOTHING;
INSERT INTO app_role_permissions(role_name, perm_key) VALUES ('BUYER','session:revoke') ON CONFLICT DO NOTHING;
INSERT INTO app_role_permissions(role_name, perm_key) VALUES ('BUYER','mfa:manage') ON CONFLICT DO NOTHING;
INSERT INTO app_role_permissions(role_name, perm_key) VALUES ('BUYER','bid:place') ON CONFLICT DO NOTHING;

-- SELLER defaults
INSERT INTO app_role_permissions(role_name, perm_key) VALUES ('SELLER','profile:read') ON CONFLICT DO NOTHING;
INSERT INTO app_role_permissions(role_name, perm_key) VALUES ('SELLER','profile:update') ON CONFLICT DO NOTHING;
INSERT INTO app_role_permissions(role_name, perm_key) VALUES ('SELLER','session:me') ON CONFLICT DO NOTHING;
INSERT INTO app_role_permissions(role_name, perm_key) VALUES ('SELLER','session:logout') ON CONFLICT DO NOTHING;
INSERT INTO app_role_permissions(role_name, perm_key) VALUES ('SELLER','session:list') ON CONFLICT DO NOTHING;
INSERT INTO app_role_permissions(role_name, perm_key) VALUES ('SELLER','session:revoke') ON CONFLICT DO NOTHING;
INSERT INTO app_role_permissions(role_name, perm_key) VALUES ('SELLER','mfa:manage') ON CONFLICT DO NOTHING;
INSERT INTO app_role_permissions(role_name, perm_key) VALUES ('SELLER','auction:create') ON CONFLICT DO NOTHING;

-- ADMIN defaults (superset)
INSERT INTO app_role_permissions(role_name, perm_key) VALUES ('ADMIN','profile:read') ON CONFLICT DO NOTHING;
INSERT INTO app_role_permissions(role_name, perm_key) VALUES ('ADMIN','profile:update') ON CONFLICT DO NOTHING;
INSERT INTO app_role_permissions(role_name, perm_key) VALUES ('ADMIN','session:me') ON CONFLICT DO NOTHING;
INSERT INTO app_role_permissions(role_name, perm_key) VALUES ('ADMIN','session:logout') ON CONFLICT DO NOTHING;
INSERT INTO app_role_permissions(role_name, perm_key) VALUES ('ADMIN','session:list') ON CONFLICT DO NOTHING;
INSERT INTO app_role_permissions(role_name, perm_key) VALUES ('ADMIN','session:revoke') ON CONFLICT DO NOTHING;
INSERT INTO app_role_permissions(role_name, perm_key) VALUES ('ADMIN','mfa:manage') ON CONFLICT DO NOTHING;

INSERT INTO app_role_permissions(role_name, perm_key) VALUES ('ADMIN','rbac:read') ON CONFLICT DO NOTHING;
INSERT INTO app_role_permissions(role_name, perm_key) VALUES ('ADMIN','rbac:write') ON CONFLICT DO NOTHING;
INSERT INTO app_role_permissions(role_name, perm_key) VALUES ('ADMIN','users:read') ON CONFLICT DO NOTHING;
INSERT INTO app_role_permissions(role_name, perm_key) VALUES ('ADMIN','users:write') ON CONFLICT DO NOTHING;

INSERT INTO app_role_permissions(role_name, perm_key) VALUES ('ADMIN','bid:place') ON CONFLICT DO NOTHING;
INSERT INTO app_role_permissions(role_name, perm_key) VALUES ('ADMIN','auction:create') ON CONFLICT DO NOTHING;
INSERT INTO app_role_permissions(role_name, perm_key) VALUES ('ADMIN','wallet:read') ON CONFLICT DO NOTHING;

-- ===== Outbox (event publishing, reliable via DB) =====

CREATE TABLE IF NOT EXISTS app_outbox_events (
    id UUID PRIMARY KEY,
    event_type VARCHAR(64) NOT NULL,
    aggregate_type VARCHAR(64) NOT NULL,
    aggregate_id VARCHAR(64) NOT NULL,
    payload_json TEXT NOT NULL,
    created_at TIMESTAMP WITH TIME ZONE NOT NULL,
    published_at TIMESTAMP WITH TIME ZONE
);

CREATE INDEX IF NOT EXISTS idx_outbox_created_at ON app_outbox_events(created_at DESC);
CREATE INDEX IF NOT EXISTS idx_outbox_unpublished ON app_outbox_events(published_at);


-- ===== ORDER =====
CREATE TABLE IF NOT EXISTS app_orders (
      id              BIGINT GENERATED BY DEFAULT AS IDENTITY PRIMARY KEY,
      auction_id      BIGINT                   NOT NULL,                   -- reference to BIDDING module
      buyer_id        BIGINT                   NOT NULL REFERENCES app_users (id),
      seller_id       BIGINT                   NOT NULL REFERENCES app_users (id),
      status          VARCHAR(32)              NOT NULL DEFAULT 'PENDING', -- option: PENDING, PACKED, SHIPPED, DELIVERED, COMPLETED, DISPUTED
      tracking_number VARCHAR(128),
      created_at      TIMESTAMP WITH TIME ZONE NOT NULL DEFAULT CURRENT_TIMESTAMP,
      updated_at      TIMESTAMP WITH TIME ZONE NOT NULL DEFAULT CURRENT_TIMESTAMP
);

CREATE INDEX IF NOT EXISTS idx_orders_buyer_id ON app_orders(buyer_id);
CREATE INDEX IF NOT EXISTS idx_orders_seller_id ON app_orders(seller_id);

-- ===== NOTIFICATION =====
CREATE TABLE IF NOT EXISTS app_notifications (
     id         BIGINT GENERATED BY DEFAULT AS IDENTITY PRIMARY KEY,
     user_id    BIGINT                   NOT NULL REFERENCES app_users (id) ON DELETE CASCADE,
     type       VARCHAR(64)              NOT NULL, -- e.g.: BID_PLACED, OUTBID, WINNER_DETERMINED, ORDER_UPDATE
     title      VARCHAR(255)             NOT NULL,
     message    TEXT                     NOT NULL,
     is_read    BOOLEAN                  NOT NULL DEFAULT FALSE,
     created_at TIMESTAMP WITH TIME ZONE NOT NULL DEFAULT CURRENT_TIMESTAMP
);

CREATE TABLE IF NOT EXISTS app_notification_preferences (
    user_id       BIGINT PRIMARY KEY REFERENCES app_users (id) ON DELETE CASCADE,
    email_enabled BOOLEAN NOT NULL DEFAULT TRUE,
    push_enabled  BOOLEAN NOT NULL DEFAULT TRUE
);

CREATE INDEX IF NOT EXISTS idx_notifications_user_id ON app_notifications(user_id);

-- ===== Permissions for Orders =====
INSERT INTO app_permissions(perm_key, description) VALUES ('order:read', 'Read order list') ON CONFLICT DO NOTHING;
INSERT INTO app_permissions(perm_key, description) VALUES ('order:update', 'Update order and shipping status') ON CONFLICT DO NOTHING;
INSERT INTO app_permissions(perm_key, description) VALUES ('order:dispute', 'Dispute an order') ON CONFLICT DO NOTHING;

-- BUYER order permissions
INSERT INTO app_role_permissions(role_name, perm_key) VALUES ('BUYER','order:read') ON CONFLICT DO NOTHING;
INSERT INTO app_role_permissions(role_name, perm_key) VALUES ('BUYER','order:dispute') ON CONFLICT DO NOTHING;

-- SELLER order permissions
INSERT INTO app_role_permissions(role_name, perm_key) VALUES ('SELLER','order:read') ON CONFLICT DO NOTHING;
INSERT INTO app_role_permissions(role_name, perm_key) VALUES ('SELLER','order:update') ON CONFLICT DO NOTHING;

-- ADMIN order permissions (full access)
INSERT INTO app_role_permissions(role_name, perm_key) VALUES ('ADMIN','order:read') ON CONFLICT DO NOTHING;
INSERT INTO app_role_permissions(role_name, perm_key) VALUES ('ADMIN','order:update') ON CONFLICT DO NOTHING;
INSERT INTO app_role_permissions(role_name, perm_key) VALUES ('ADMIN','order:dispute') ON CONFLICT DO NOTHING;